gene,RWR_score
A,0.19230755294527552
B,0.11538464286173208
C,0.1153846428617321
H,0.07692315460784561
J,0.07692315460784561
K,0.038461569127930625
D,0.07692306440079462
E,0.07692306440079462
F,0.07692308136586379
G,0.0769230813658638
I,0.07692299145432144
